onset	duration	trial_type	value	sample
0.69	0.5	NonTarget	1	69
2.69	0.5	NonTarget	1	269
4.69	0.5	NonTarget	1	469
6.69	0.5	NonTarget	1	669
8.69	0.5	Target	2	869
10.69	0.5	NonTarget	1	1069
12.69	0.5	NonTarget	1	1269
14.69	0.5	Target	2	1469
16.69	0.5	NonTarget	1	1669
18.69	0.5	NonTarget	1	1869
20.69	0.5	NonTarget	1	2069
22.69	0.5	Target	2	2269
24.69	0.5	Target	2	2469
26.69	0.5	Target	2	2669
28.69	0.5	NonTarget	1	2869
30.69	0.5	NonTarget	1	3069
32.69	0.5	NonTarget	1	3269
34.69	0.5	NonTarget	1	3469
36.69	0.5	NonTarget	1	3669
38.69	0.5	Target	2	3869
40.69	0.5	Target	2	4069
42.69	0.5	NonTarget	1	4269
44.69	0.5	NonTarget	1	4469
46.69	0.5	NonTarget	1	4669
48.69	0.5	NonTarget	1	4869
50.69	0.5	NonTarget	1	5069
52.69	0.5	NonTarget	1	5269
54.69	0.5	NonTarget	1	5469
56.69	0.5	Target	2	5669
58.69	0.5	NonTarget	1	5869
60.69	0.5	Target	2	6069
62.69	0.5	NonTarget	1	6269
64.69	0.5	NonTarget	1	6469
66.69	0.5	Target	2	6669
68.69	0.5	NonTarget	1	6869
70.69	0.5	NonTarget	1	7069
72.69	0.5	NonTarget	1	7269
74.69	0.5	NonTarget	1	7469
76.69	0.5	NonTarget	1	7669
78.69	0.5	Target	2	7869
80.69	0.5	NonTarget	1	8069
82.69	0.5	Target	2	8269
84.69	0.5	NonTarget	1	8469
86.69	0.5	NonTarget	1	8669
88.69	0.5	Target	2	8869
90.69	0.5	NonTarget	1	9069
92.69	0.5	NonTarget	1	9269
94.69	0.5	NonTarget	1	9469
96.69	0.5	Target	2	9669
98.69	0.5	NonTarget	1	9869
100.69	0.5	NonTarget	1	10069
102.69	0.5	NonTarget	1	10269
104.69	0.5	NonTarget	1	10469
106.69	0.5	Target	2	10669
108.69	0.5	Target	2	10869
110.69	0.5	Target	2	11069
112.69	0.5	NonTarget	1	11269
114.69	0.5	NonTarget	1	11469
116.69	0.5	NonTarget	1	11669
118.69	0.5	NonTarget	1	11869
120.69	0.5	NonTarget	1	12069
122.69	0.5	NonTarget	1	12269
124.69	0.5	Target	2	12469
126.69	0.5	NonTarget	1	12669
128.69	0.5	NonTarget	1	12869
130.69	0.5	NonTarget	1	13069
132.69	0.5	NonTarget	1	13269
134.69	0.5	Target	2	13469
136.69	0.5	NonTarget	1	13669
138.69	0.5	NonTarget	1	13869
140.69	0.5	NonTarget	1	14069
142.69	0.5	NonTarget	1	14269
144.69	0.5	Target	2	14469
146.69	0.5	Target	2	14669
148.69	0.5	NonTarget	1	14869
150.69	0.5	NonTarget	1	15069
152.69	0.5	NonTarget	1	15269
154.69	0.5	NonTarget	1	15469
156.69	0.5	NonTarget	1	15669
158.69	0.5	NonTarget	1	15869
160.69	0.5	NonTarget	1	16069
162.69	0.5	NonTarget	1	16269
164.69	0.5	Target	2	16469
166.69	0.5	NonTarget	1	16669
168.69	0.5	NonTarget	1	16869
170.69	0.5	NonTarget	1	17069
172.69	0.5	NonTarget	1	17269
174.69	0.5	NonTarget	1	17469
176.69	0.5	NonTarget	1	17669
178.69	0.5	NonTarget	1	17869
180.69	0.5	NonTarget	1	18069
182.69	0.5	Target	2	18269
184.69	0.5	NonTarget	1	18469
186.69	0.5	NonTarget	1	18669
188.69	0.5	NonTarget	1	18869
190.69	0.5	NonTarget	1	19069
192.69	0.5	NonTarget	1	19269
194.69	0.5	NonTarget	1	19469
196.69	0.5	Target	2	19669
198.69	0.5	NonTarget	1	19869
200.69	0.5	Target	2	20069
202.69	0.5	NonTarget	1	20269
204.69	0.5	NonTarget	1	20469
206.69	0.5	NonTarget	1	20669
208.69	0.5	Target	2	20869
210.69	0.5	NonTarget	1	21069
212.69	0.5	NonTarget	1	21269
214.69	0.5	NonTarget	1	21469
216.69	0.5	NonTarget	1	21669
218.69	0.5	NonTarget	1	21869
220.69	0.5	NonTarget	1	22069
222.69	0.5	NonTarget	1	22269
224.69	0.5	Target	2	22469
226.69	0.5	NonTarget	1	22669
228.69	0.5	NonTarget	1	22869
230.69	0.5	Target	2	23069
232.69	0.5	NonTarget	1	23269
234.69	0.5	NonTarget	1	23469
236.69	0.5	Target	2	23669
238.69	0.5	NonTarget	1	23869
240.69	0.5	NonTarget	1	24069
242.69	0.5	NonTarget	1	24269
244.69	0.5	NonTarget	1	24469
246.69	0.5	NonTarget	1	24669
248.69	0.5	NonTarget	1	24869
250.69	0.5	NonTarget	1	25069
252.69	0.5	NonTarget	1	25269
254.69	0.5	Target	2	25469
256.69	0.5	NonTarget	1	25669
258.69	0.5	Target	2	25869
260.69	0.5	NonTarget	1	26069
262.69	0.5	NonTarget	1	26269
264.69	0.5	NonTarget	1	26469
266.69	0.5	NonTarget	1	26669
268.69	0.5	NonTarget	1	26869
270.69	0.5	Target	2	27069
272.69	0.5	NonTarget	1	27269
274.69	0.5	NonTarget	1	27469
276.69	0.5	Target	2	27669
278.69	0.5	NonTarget	1	27869
280.69	0.5	NonTarget	1	28069
282.69	0.5	NonTarget	1	28269
284.69	0.5	NonTarget	1	28469
286.69	0.5	NonTarget	1	28669
288.69	0.5	NonTarget	1	28869
290.69	0.5	NonTarget	1	29069
292.69	0.5	Target	2	29269
294.69	0.5	NonTarget	1	29469
296.69	0.5	NonTarget	1	29669
298.69	0.5	NonTarget	1	29869
300.69	0.5	NonTarget	1	30069
302.69	0.5	Target	2	30269
304.69	0.5	NonTarget	1	30469
306.69	0.5	NonTarget	1	30669
308.69	0.5	NonTarget	1	30869
310.69	0.5	NonTarget	1	31069
312.69	0.5	NonTarget	1	31269
314.69	0.5	NonTarget	1	31469
316.69	0.5	NonTarget	1	31669
318.69	0.5	NonTarget	1	31869
320.69	0.5	NonTarget	1	32069
322.69	0.5	NonTarget	1	32269
324.69	0.5	NonTarget	1	32469
326.69	0.5	Target	2	32669
328.69	0.5	NonTarget	1	32869
330.69	0.5	NonTarget	1	33069
332.69	0.5	NonTarget	1	33269
334.69	0.5	NonTarget	1	33469
336.69	0.5	NonTarget	1	33669
338.69	0.5	NonTarget	1	33869
340.69	0.5	NonTarget	1	34069
342.69	0.5	NonTarget	1	34269
344.69	0.5	Target	2	34469
346.69	0.5	NonTarget	1	34669
348.69	0.5	NonTarget	1	34869
350.69	0.5	NonTarget	1	35069
352.69	0.5	Target	2	35269
354.69	0.5	Target	2	35469
356.69	0.5	NonTarget	1	35669
358.69	0.5	NonTarget	1	35869
